service_id,monday,tuesday,wednesday,thursday,friday,saturday,sunday,start_date,end_date
Daily-1,1,1,1,1,1,1,1,20251002,20251201
Daily-2,1,1,1,1,1,1,1,20251002,20251201
Daily-3,1,1,1,1,1,1,1,20251002,20251201
Daily-4,1,1,1,1,1,1,1,20251002,20251201
Daily-5,1,1,1,1,1,1,1,20251002,20251201
ExSat-1,1,1,1,1,1,0,1,20251002,20251201
ExSun-1,1,1,1,1,1,1,0,20251002,20251201
ExTue-1,1,0,1,1,1,1,1,20251002,20251201
FriSat-1,0,0,0,0,1,1,0,20251002,20251201
FriSat-2,0,0,0,0,1,1,0,20251002,20251201
FriSatSun-1,0,0,0,0,1,1,1,20251002,20251201
Friday-1,0,0,0,0,1,0,0,20251002,20251201
Friday-2,0,0,0,0,1,0,0,20251002,20251201
Friday-3,0,0,0,0,1,0,0,20251002,20251201
Friday-4,0,0,0,0,1,0,0,20251002,20251017
Friday-5,0,0,0,0,1,0,0,20251002,20251201
Friday-6,0,0,0,0,1,0,0,20251018,20251201
Other-1,0,0,0,0,0,0,0,20251002,20251201
Other-10,0,0,0,0,0,0,0,20251002,20251201
Other-11,0,0,0,0,0,0,0,20251002,20251201
Other-12,0,0,0,0,0,0,0,20251002,20251201
Other-13,0,0,0,0,0,0,0,20251002,20251201
Other-14,0,0,0,0,0,0,0,20251002,20251201
Other-15,0,0,0,0,0,0,0,20251002,20251201
Other-16,0,0,0,0,0,0,0,20251002,20251201
Other-17,0,0,0,0,0,0,0,20251002,20251201
Other-18,0,0,0,0,0,0,0,20251002,20251201
Other-19,0,0,0,0,0,0,0,20251002,20251201
Other-2,0,0,0,0,0,0,0,20251002,20251201
Other-20,0,0,0,0,0,0,0,20251002,20251201
Other-21,0,0,0,0,0,0,0,20251002,20251201
Other-22,0,0,0,0,0,0,0,20251002,20251201
Other-23,0,0,0,0,0,0,0,20251002,20251201
Other-24,0,0,0,0,0,0,0,20251002,20251201
Other-25,0,0,0,0,0,0,0,20251002,20251201
Other-26,0,0,0,0,0,0,0,20251002,20251201
Other-27,0,0,0,0,0,0,0,20251002,20251201
Other-28,0,0,0,0,0,0,0,20251002,20251201
Other-29,0,0,0,0,0,0,0,20251002,20251201
Other-3,0,0,0,0,0,0,0,20251002,20251201
Other-30,0,0,0,0,0,0,0,20251002,20251201
Other-31,0,0,0,0,0,0,0,20251002,20251201
Other-32,0,0,0,0,0,0,0,20251002,20251201
Other-33,0,0,0,0,0,0,0,20251002,20251201
Other-34,0,0,0,0,0,0,0,20251002,20251201
Other-35,0,0,0,0,0,0,0,20251002,20251201
Other-36,0,0,0,0,0,0,0,20251002,20251201
Other-37,0,0,0,0,0,0,0,20251002,20251201
Other-38,0,0,0,0,0,0,0,20251002,20251201
Other-39,0,0,0,0,0,0,0,20251002,20251201
Other-4,0,0,0,0,0,0,0,20251002,20251201
Other-40,0,0,0,0,0,0,0,20251002,20251201
Other-41,0,0,0,0,0,0,0,20251002,20251201
Other-42,0,0,0,0,0,0,0,20251002,20251017
Other-43,0,0,0,0,0,0,0,20251002,20251017
Other-44,0,0,0,0,0,0,0,20251002,20251017
Other-45,0,0,0,0,0,0,0,20251002,20251201
Other-46,0,0,0,0,0,0,0,20251002,20251201
Other-47,0,0,0,0,0,0,0,20251002,20251201
Other-48,0,0,0,0,0,0,0,20251002,20251201
Other-49,0,0,0,0,0,0,0,20251002,20251201
Other-5,0,0,0,0,0,0,0,20251002,20251201
Other-50,0,0,0,0,0,0,0,20251002,20251201
Other-51,0,0,0,0,0,0,0,20251002,20251201
Other-52,0,0,0,0,0,0,0,20251002,20251201
Other-53,0,0,0,0,0,0,0,20251002,20251201
Other-54,0,0,0,0,0,0,0,20251002,20251201
Other-55,0,0,0,0,0,0,0,20251002,20251201
Other-56,0,0,0,0,0,0,0,20251002,20251201
Other-57,0,0,0,0,0,0,0,20251002,20251201
Other-58,0,0,0,0,0,0,0,20251002,20251201
Other-59,0,0,0,0,0,0,0,20251002,20251201
Other-6,0,0,0,0,0,0,0,20251002,20251201
Other-60,0,0,0,0,0,0,0,20251018,20251201
Other-61,0,0,0,0,0,0,0,20251018,20251201
Other-62,0,0,0,0,0,0,0,20251018,20251201
Other-63,0,0,0,0,0,0,0,20251018,20251201
Other-64,0,0,0,0,0,0,0,20251018,20251201
Other-65,0,0,0,0,0,0,0,20251018,20251201
Other-66,0,0,0,0,0,0,0,20251018,20251201
Other-67,0,0,0,0,0,0,0,20251018,20251201
Other-68,0,0,0,0,0,0,0,20251018,20251201
Other-7,0,0,0,0,0,0,0,20251002,20251201
Other-8,0,0,0,0,0,0,0,20251002,20251201
Other-9,0,0,0,0,0,0,0,20251002,20251201
Saturday-1,0,0,0,0,0,1,0,20251002,20251201
Saturday-2,0,0,0,0,0,1,0,20251002,20251201
Saturday-3,0,0,0,0,0,1,0,20251002,20251201
Saturday-4,0,0,0,0,0,1,0,20251002,20251201
Saturday-5,0,0,0,0,0,1,0,20251002,20251201
Saturday-6,0,0,0,0,0,1,0,20251002,20251201
Saturday-7,0,0,0,0,0,1,0,20251002,20251201
Saturday-8,0,0,0,0,0,1,0,20251002,20251201
Saturday-9,0,0,0,0,0,1,0,20251002,20251201
Sunday-1,0,0,0,0,0,0,1,20251002,20251201
Sunday-2,0,0,0,0,0,0,1,20251002,20251201
Sunday-3,0,0,0,0,0,0,1,20251002,20251201
Sunday-4,0,0,0,0,0,0,1,20251002,20251201
Sunday-5,0,0,0,0,0,0,1,20251002,20251201
Sunday-6,0,0,0,0,0,0,1,20251002,20251201
Sunday-7,0,0,0,0,0,0,1,20251002,20251201
Sunday-8,0,0,0,0,0,0,1,20251002,20251201
Thursday-1,0,0,0,1,0,0,0,20251002,20251201
Thursday-2,0,0,0,1,0,0,0,20251002,20251201
Thursday-3,0,0,0,1,0,0,0,20251002,20251201
Tuesday-1,0,1,0,0,0,0,0,20251002,20251201
Tuesday-2,0,1,0,0,0,0,0,20251002,20251201
Tuesday-3,0,1,0,0,0,0,0,20251002,20251017
Wednesday-1,0,0,1,0,0,0,0,20251002,20251201
Wednesday-2,0,0,1,0,0,0,0,20251002,20251201
Weekday-1,1,1,1,1,1,0,0,20251002,20251201
Weekday-10,1,1,1,1,1,0,0,20251002,20251201
Weekday-11,1,1,1,1,1,0,0,20251002,20251201
Weekday-12,1,1,1,1,1,0,0,20251002,20251201
Weekday-13,1,1,1,1,1,0,0,20251002,20251201
Weekday-14,1,1,1,1,1,0,0,20251002,20251201
Weekday-15,1,1,1,1,1,0,0,20251002,20251201
Weekday-16,1,1,1,1,1,0,0,20251002,20251017
Weekday-17,1,1,1,1,1,0,0,20251018,20251201
Weekday-18,1,1,1,1,1,0,0,20251018,20251201
Weekday-19,1,1,1,1,1,0,0,20251018,20251201
Weekday-2,1,1,1,1,1,0,0,20251002,20251201
Weekday-20,1,1,1,1,1,0,0,20251018,20251201
Weekday-21,1,1,1,1,1,0,0,20251018,20251201
Weekday-22,1,1,1,1,1,0,0,20251018,20251201
Weekday-3,1,1,1,1,1,0,0,20251002,20251201
Weekday-4,1,1,1,1,1,0,0,20251002,20251201
Weekday-5,1,1,1,1,1,0,0,20251002,20251201
Weekday-6,1,1,1,1,1,0,0,20251002,20251201
Weekday-7,1,1,1,1,1,0,0,20251002,20251201
Weekday-8,1,1,1,1,1,0,0,20251002,20251201
Weekday-9,1,1,1,1,1,0,0,20251002,20251201
Weekend-1,0,0,0,0,0,1,1,20251002,20251201
Weekend-2,0,0,0,0,0,1,1,20251002,20251201
Weekend-3,0,0,0,0,0,1,1,20251002,20251201
Weekend-4,0,0,0,0,0,1,1,20251002,20251201
WkExFri-1,1,1,1,1,0,0,0,20251002,20251201
WkExFri-2,1,1,1,1,0,0,0,20251002,20251201
WkExFri-3,1,1,1,1,0,0,0,20251002,20251201
WkExFri-4,1,1,1,1,0,0,0,20251002,20251201
WkExFri-5,1,1,1,1,0,0,0,20251002,20251201
WkExFri-6,1,1,1,1,0,0,0,20251002,20251201
WkExFri-7,1,1,1,1,0,0,0,20251018,20251201
WkExMon-1,0,1,1,1,1,0,0,20251002,20251201
WkExMon-2,0,1,1,1,1,0,0,20251002,20251201
WkExMon-3,0,1,1,1,1,0,0,20251002,20251201
WkExMon-4,0,1,1,1,1,0,0,20251002,20251201
WkExMon-5,0,1,1,1,1,0,0,20251002,20251201
