Area Unit,Total Victimisations
Abbotts Park.,9
Akarana.,22
Albany.,72
Ambury.,7
Aorere.,23
Arahanga.,8
Arch Hill.,12
Ardmore.,10
Army Bay.,10
Auckland Central East.,334
Auckland Central West.,582
Auckland Harbourside.,298
Avondale South.,8
Avondale West.,20
Awaruku.,7
Awhitu.,4
Balmoral.,16
Baverstock Oaks.,13
Bays-Waiheke Island.,1
Bayswater.,5
Beachhaven North.,37
Beachhaven South.,17
Beachlands-Maraetai.,20
Beaumont.,26
Birdwood East.,4
Birdwood West.,4
Birkdale North.,16
Birkdale South.,6
Birkenhead East.,13
Bledisloe Park.,40
Blockhouse Bay.,14
Bombay.,4
Bremner.,3
Browns Bay.,27
Buckland.,2
Bucklands Beach South.,5
Bucklands and Eastern Beaches.,10
Burbank.,19
Burswood.,9
Campbells Bay.,9
Cape Rodney South.,6
Cape Rodney.,5
Castor Bay.,1
Chelsea.,6
Clendon North.,15
Clendon South.,39
Clevedon.,15
Clover Park.,15
Cockle Bay.,5
Crown Hill.,2
Crum Park.,3
Dairy Flat-Redvale.,5
Dannemora.,27
Dingwall.,44
Donegal Park.,48
Drury.,26
Durham Green.,9
Eden Road-Hill Top.,3
Eden Terrace.,15
Edgewater.,24
Edmonton.,29
Ellerslie North.,7
Ellerslie South.,17
Elsmore Park.,11
Epsom Central.,9
Epsom North.,12
Epsom South.,3
Fairburn.,48
Fairdene.,68
Fairview.,8
Favona North.,4
Favona South.,13
Favona West.,19
Ferguson.,19
Ferndale.,11
Forrest Hill.,5
Freemans Bay.,54
Fruitvale.,20
Glamorgan.,3
Glen Eden East.,50
Glen Innes East.,10
Glen Innes North.,6
Glen Innes West.,58
Glenavon.,45
Glenbrook.,10
Glendene North.,16
Glendene South.,17
Glendhu.,15
Glendowie.,5
Glenfield Central.,29
Glenfield North.,23
Golfland.,2
Grafton East.,109
Grafton West.,29
Grange.,9
Great Barrier Island.,4
Green Bay.,18
Greenhithe.,8
Greenmount.,26
Grey Lynn East.,32
Grey Lynn West.,10
Gulf Harbour.,11
Half Moon Bay.,2
Hamlin.,37
Harania East.,18
Harania North.,12
Harania West.,40
Hatfields Beach.,2
Hauraki.,8
Helensville South.,1
Helensville.,12
Henderson North.,86
Henderson South.,147
Henderson West.,3
Herald.,1
Herne Bay.,4
Highbrook.,14
Highland Park.,12
Hillpark.,58
Hillsborough East.,9
Hillsborough West.,14
Hingaia.,7
Hobsonville East.,29
Hobsonville South.,4
Homai East.,46
Homai West.,11
Howick Central.,16
Howick South.,12
Howick West.,4
Huapai.,13
Hunua.,4
Hyperion.,11
Inlet-Kaipara Harbour South.,1
Inlet-Waitemata Harbour.,3
Kaipatiki.,24
Karekare.,9
Kaukapakapa.,3
Kauri Park.,19
Kaurilands.,6
Kawakawa-Orere.,4
Kelston Central.,25
Kilkenny.,3
Kingdale.,84
Kingseat.,13
Kingsland.,27
Kohimarama East.,3
Kohimarama West.,1
Kohuora.,30
Konini.,2
Kumeu East.,10
Kumeu West.,6
Laingholm.,2
Lake Pupuke.,24
Leabank.,50
Long Bay.,9
Lucken Point.,10
Lynfield North.,13
Lynfield South.,8
Lynnmall.,104
Mahurangi.,1
Mairangi Bay.,10
Mangere Bridge.,34
Mangere Central.,63
Mangere East.,37
Mangere South.,93
Mangere Station.,23
Manly.,8
Manukau Central.,342
Manurewa Central.,112
Manurewa East.,57
Mascot.,35
Massey Park.,19
Massey West.,19
Matakana.,7
Matipo.,6
Maungawhau.,9
McLaren Park.,12
Mcleod.,17
Meadowbank North.,5
Meadowbank South.,10
Meadowland.,8
Mellons Bay.,7
Middlemore.,73
Mill Road.,7
Millhouse.,9
Mission Bay.,18
Mission Heights.,1
Monarch Park.,7
Mt Albert Central.,16
Mt Eden East.,4
Mt Eden North.,137
Mt Eden South.,15
Mt Hobson.,16
Mt St John.,11
Mt Victoria.,14
Mt Wellington Domain.,24
Mt Wellington North.,24
Mt Wellington South.,109
Mt Wellington West.,3
Muriwai Beach.,1
Muriwai Valley.,2
Murrays Bay.,7
Murvale.,10
Narrow Neck.,13
New Lynn North.,29
New Lynn South.,23
New Windsor.,14
Newmarket.,64
Newton.,85
North Harbour East.,19
North Harbour West.,10
Northcote South.,14
Northcross.,9
Oaktree.,8
Ocean View.,7
Oceanic-Auckland Region East.,3
Omaha.,2
One Tree Hill Central.,11
One Tree Hill East.,19
Onehunga North East.,2
Onehunga North West.,18
Onehunga South East.,68
Onehunga South West.,18
Opaheke.,13
Opanuku.,4
Orakei North.,13
Orakei South.,2
Oranga.,13
Oratia.,13
Orewa West.,2
Orewa.,30
Ormiston.,63
Otahuhu East.,4
Otahuhu North.,33
Otahuhu West.,169
Otara East.,24
Otara North.,58
Otara South.,13
Otara West.,23
Otimai.,8
Owairaka East.,6
Owairaka West.,9
Paerata-Cape Hill.,8
Pahurehure.,9
Pakuranga Central.,33
Pakuranga East.,18
Pakuranga North.,3
Palm Heights.,3
Panmure Basin.,15
Papakura Central.,96
Papakura East.,44
Papakura North East.,29
Papakura North.,62
Papakura South.,12
Papatoetoe Central.,67
Papatoetoe East.,34
Papatoetoe North.,86
Papatoetoe West.,37
Parakai Rural.,1
Parakai Urban.,4
Paremoremo East.,222
Parnell East.,3
Parnell West.,53
Parrs Park West.,8
Parrs Park.,10
Patumahoe.,3
Penrose.,25
Pigeon Mountain North.,7
Pigeon Mountain South.,2
Pinehill.,8
Point Chevalier East.,51
Point Chevalier South.,20
Point Chevalier West.,4
Point England.,20
Point View.,10
Ponsonby East.,31
Ponsonby West.,5
Puhinui North.,19
Puhinui South.,58
Pukekohe North.,74
Pukekohe West.,27
Randwick Park.,21
Ranui Domain.,32
Ranui South.,10
Red Beach East.,5
Red Beach West.,8
Red Hill.,8
Redoubt North.,15
Redoubt South.,12
Remuera South.,30
Remuera West.,7
Rewarewa.,7
Rewiti.,2
Riverhead Urban.,7
Roberton.,46
Rongomai.,39
Rosebank.,15
Rosehill.,33
Rothesay Bay.,5
Rowandale.,23
Royal Heights.,31
Royal Oak.,25
Royal Road West.,7
Runciman.,3
Sandringham East.,13
Sandringham North.,35
Sandringham West.,27
Seacliffe.,7
Shelly Park.,3
Sherbourne.,19
Silverdale Central.,36
Silverdale North.,5
Silverdale South.,1
Snells Beach.,7
South Head.,6
South Waiuku.,2
Springleigh.,18
St Heliers.,8
St Johns.,4
St Lukes.,20
St Marys.,17
Stanley Bay.,2
Stanmore Bay East.,12
Stanmore Bay West.,2
Starling Park.,14
Stonefields.,1
Sturges North.,19
Sunnybrae.,18
Sunnyhills.,10
Sunnynook.,12
Sunnyvale.,21
Surrey Crescent.,28
Swanson South.,1
Swanson.,18
Tahekeroa.,3
Takanini North.,61
Takanini South.,101
Takanini West.,25
Takapuna Central.,54
Tamaki.,11
Tangutu.,10
Target Road.,16
Tauhoa-Puhoi.,10
Taupaki.,2
Te Atatu Central.,34
Te Papapa.,21
Three Kings.,29
Tidal-Eastern Bays.,1
Tidal-Manukau Harbour.,1
Tidal-Waitemata Harbour.,1
Titirangi South.,3
Torbay.,12
Totara Heights.,16
Tuff Crater.,37
Turanga.,2
Unsworth Heights.,8
Urlich.,8
Vipond.,2
Viscount.,26
Wade Heads.,14
Waiake.,11
Waiata.,2
Waiheke Island.,24
Waikowhai East.,7
Waikowhai West.,3
Waima.,5
Waimauku.,1
Waimumu North.,17
Waimumu South.,17
Waipareira West.,1
Waitakere West.,1
Waitakere.,3
Waitaramoa.,6
Waiuku East.,18
Waiuku West.,38
Waiwera.,2
Wakeling.,21
Walmsley.,16
Warkworth.,14
Waterview.,16
Wattle Farm.,23
Weiti River.,12
Wellsford.,7
Wesley.,29
West Harbour.,18
Westgate.,45
Westlake.,82
Westmere.,13
Weymouth East.,30
Weymouth West.,20
Whangapouri Creek.,5
Whenuapai West.,44
Windsor Park.,30
Windy Ridge.,8
Wiri.,118
Witheford.,1
Woodglen.,19
Wymondley.,5
