Map Detail Name,ANZSOC Division,ANZSOC Group,Area Unit,Country,Region,Territorial Authority,Year Month,Mb2014,REGC2014 label,Selected Detail Level,Ta2014 Nam,Geometry,Geometry (MB2014 GV Clipped.shp),Geometry (REGC2014 GV Clipped.shp),Geometry (TA2014 GV Clipped.shp),Number of Victimisations,Selected Geographic Level ,Victimisations
Auckland,Harm or endanger persons,Abduction or kidnapping,Newton.,NZ,Auckland Region,Auckland.,1/03/2024,0412100,Auckland Region,Teritorial Authority,Auckland,Polygon,Polygon,MultiPolygon,MultiPolygon,1,MultiPolygon,1
Auckland,Harm or endanger persons,Abduction or kidnapping,Papatoetoe East.,NZ,Auckland Region,Auckland.,1/03/2024,0667802,Auckland Region,Teritorial Authority,Auckland,Polygon,Polygon,MultiPolygon,MultiPolygon,1,MultiPolygon,1
Auckland,Harm or endanger persons,Abduction or kidnapping,Randwick Park.,NZ,Auckland Region,Auckland.,1/02/2024,0759715,Auckland Region,Teritorial Authority,Auckland,Polygon,Polygon,MultiPolygon,MultiPolygon,1,MultiPolygon,1
Auckland,Harm or endanger persons,Abduction or kidnapping,Auckland Central East.,NZ,Auckland Region,Auckland.,1/04/2024,0438404,Auckland Region,Teritorial Authority,Auckland,Polygon,Polygon,MultiPolygon,MultiPolygon,1,MultiPolygon,1
Auckland,Harm or endanger persons,Abduction or kidnapping,Mt Wellington South.,NZ,Auckland Region,Auckland.,1/04/2024,0637500,Auckland Region,Teritorial Authority,Auckland,Polygon,Polygon,MultiPolygon,MultiPolygon,1,MultiPolygon,1
Auckland,Harm or endanger persons,Abduction or kidnapping,Takanini West.,NZ,Auckland Region,Auckland.,1/03/2024,0767922,Auckland Region,Teritorial Authority,Auckland,Polygon,Polygon,MultiPolygon,MultiPolygon,1,MultiPolygon,1
Auckland,Harm or endanger persons,Abduction or kidnapping,Wiri.,NZ,Auckland Region,Auckland.,1/01/2024,0780507,Auckland Region,Teritorial Authority,Auckland,Polygon,Polygon,MultiPolygon,MultiPolygon,1,MultiPolygon,1
Auckland,Harm or endanger persons,Abduction or kidnapping,Henderson South.,NZ,Auckland Region,Auckland.,1/10/2024,0242700,Auckland Region,Teritorial Authority,Auckland,Polygon,Polygon,MultiPolygon,MultiPolygon,1,MultiPolygon,1
Auckland,Harm or endanger persons,Abduction or kidnapping,Henderson South.,NZ,Auckland Region,Auckland.,1/04/2025,0241800,Auckland Region,Teritorial Authority,Auckland,Polygon,Polygon,MultiPolygon,MultiPolygon,1,MultiPolygon,1
Auckland,Harm or endanger persons,Abduction or kidnapping,Papakura East.,NZ,Auckland Region,Auckland.,1/03/2024,0800000,Auckland Region,Teritorial Authority,Auckland,Polygon,Polygon,MultiPolygon,MultiPolygon,1,MultiPolygon,1
Auckland,Harm or endanger persons,Abduction or kidnapping,Hauraki.,NZ,Auckland Region,Auckland.,1/03/2024,0325402,Auckland Region,Teritorial Authority,Auckland,Polygon,Polygon,MultiPolygon,MultiPolygon,1,MultiPolygon,1
Auckland,Harm or endanger persons,Abduction or kidnapping,Ambury.,NZ,Auckland Region,Auckland.,1/03/2025,0721400,Auckland Region,Teritorial Authority,Auckland,MultiPolygon,Polygon,MultiPolygon,MultiPolygon,2,MultiPolygon,2
Auckland,Harm or endanger persons,Abduction or kidnapping,Dingwall.,NZ,Auckland Region,Auckland.,1/09/2024,0666301,Auckland Region,Teritorial Authority,Auckland,Polygon,Polygon,MultiPolygon,MultiPolygon,1,MultiPolygon,1
Auckland,Harm or endanger persons,Abduction or kidnapping,Tidal-Waitemata Harbour.,NZ,Auckland Region,Auckland.,1/02/2024,,Auckland Region,Teritorial Authority,Auckland,,,MultiPolygon,MultiPolygon,2,MultiPolygon,2
Auckland,Harm or endanger persons,Abduction or kidnapping,Rosehill.,NZ,Auckland Region,Auckland.,1/08/2023,0804200,Auckland Region,Teritorial Authority,Auckland,Polygon,Polygon,MultiPolygon,MultiPolygon,1,MultiPolygon,1
Auckland,Harm or endanger persons,Abduction or kidnapping,Harania West.,NZ,Auckland Region,Auckland.,1/02/2024,0734502,Auckland Region,Teritorial Authority,Auckland,Polygon,Polygon,MultiPolygon,MultiPolygon,1,MultiPolygon,1
Auckland,Harm or endanger persons,Abduction or kidnapping,Point Chevalier South.,NZ,Auckland Region,Auckland.,1/04/2025,0391200,Auckland Region,Teritorial Authority,Auckland,Polygon,Polygon,MultiPolygon,MultiPolygon,1,MultiPolygon,1
Auckland,Harm or endanger persons,Abduction or kidnapping,Onehunga North West.,NZ,Auckland Region,Auckland.,1/12/2023,0594500,Auckland Region,Teritorial Authority,Auckland,Polygon,Polygon,MultiPolygon,MultiPolygon,1,MultiPolygon,1
Auckland,Harm or endanger persons,Abduction or kidnapping,Kohimarama West.,NZ,Auckland Region,Auckland.,1/07/2024,0505101,Auckland Region,Teritorial Authority,Auckland,Polygon,Polygon,MultiPolygon,MultiPolygon,1,MultiPolygon,1
Auckland,Harm or endanger persons,Abduction or kidnapping,Ocean View.,NZ,Auckland Region,Auckland.,1/04/2025,0362000,Auckland Region,Teritorial Authority,Auckland,Polygon,Polygon,MultiPolygon,MultiPolygon,1,MultiPolygon,1
Auckland,Harm or endanger persons,Abduction or kidnapping,Viscount.,NZ,Auckland Region,Auckland.,1/02/2025,0739901,Auckland Region,Teritorial Authority,Auckland,Polygon,Polygon,MultiPolygon,MultiPolygon,3,MultiPolygon,3
Auckland,Harm or endanger persons,Abduction or kidnapping,Pukekohe North.,NZ,Auckland Region,Auckland.,1/01/2024,0819100,Auckland Region,Teritorial Authority,Auckland,Polygon,Polygon,MultiPolygon,MultiPolygon,1,MultiPolygon,1
Auckland,Harm or endanger persons,Abduction or kidnapping,Clendon South.,NZ,Auckland Region,Auckland.,1/02/2025,0774449,Auckland Region,Teritorial Authority,Auckland,Polygon,Polygon,MultiPolygon,MultiPolygon,1,MultiPolygon,1
Auckland,Harm or endanger persons,Abduction or kidnapping,Auckland Central West.,NZ,Auckland Region,Auckland.,1/06/2025,0435100,Auckland Region,Teritorial Authority,Auckland,Polygon,Polygon,MultiPolygon,MultiPolygon,1,MultiPolygon,1
Auckland,Harm or endanger persons,Abduction or kidnapping,Takanini South.,NZ,Auckland Region,Auckland.,1/05/2024,0766302,Auckland Region,Teritorial Authority,Auckland,Polygon,Polygon,MultiPolygon,MultiPolygon,1,MultiPolygon,1
Auckland,Harm or endanger persons,Abduction or kidnapping,Mangere Station.,NZ,Auckland Region,Auckland.,1/08/2024,0749500,Auckland Region,Teritorial Authority,Auckland,Polygon,Polygon,MultiPolygon,MultiPolygon,1,MultiPolygon,1
Auckland,Harm or endanger persons,Abduction or kidnapping,Campbells Bay.,NZ,Auckland Region,Auckland.,1/01/2025,0148500,Auckland Region,Teritorial Authority,Auckland,Polygon,Polygon,MultiPolygon,MultiPolygon,1,MultiPolygon,1
Auckland,Harm or endanger persons,Abduction or kidnapping,Auckland Central West.,NZ,Auckland Region,Auckland.,1/05/2025,0433700,Auckland Region,Teritorial Authority,Auckland,Polygon,Polygon,MultiPolygon,MultiPolygon,1,MultiPolygon,1
Auckland,Harm or endanger persons,Abduction or kidnapping,Mt Wellington North.,NZ,Auckland Region,Auckland.,1/03/2025,0627206,Auckland Region,Teritorial Authority,Auckland,Polygon,Polygon,MultiPolygon,MultiPolygon,1,MultiPolygon,1
Auckland,Harm or endanger persons,Abduction or kidnapping,Awaruku.,NZ,Auckland Region,Auckland.,1/01/2024,0166406,Auckland Region,Teritorial Authority,Auckland,Polygon,Polygon,MultiPolygon,MultiPolygon,1,MultiPolygon,1
Auckland,Harm or endanger persons,Abduction or kidnapping,Wiri.,NZ,Auckland Region,Auckland.,1/11/2023,0780700,Auckland Region,Teritorial Authority,Auckland,Polygon,Polygon,MultiPolygon,MultiPolygon,1,MultiPolygon,1
Auckland,Harm or endanger persons,Abduction or kidnapping,Papatoetoe East.,NZ,Auckland Region,Auckland.,1/01/2025,0668400,Auckland Region,Teritorial Authority,Auckland,Polygon,Polygon,MultiPolygon,MultiPolygon,1,MultiPolygon,1
Auckland,Harm or endanger persons,Abduction or kidnapping,Mt Albert Central.,NZ,Auckland Region,Auckland.,1/11/2023,0527300,Auckland Region,Teritorial Authority,Auckland,Polygon,Polygon,MultiPolygon,MultiPolygon,1,MultiPolygon,1
Auckland,Harm or endanger persons,Abduction or kidnapping,Bucklands and Eastern Beaches.,NZ,Auckland Region,Auckland.,1/04/2025,0675804,Auckland Region,Teritorial Authority,Auckland,Polygon,Polygon,MultiPolygon,MultiPolygon,1,MultiPolygon,1
Auckland,Harm or endanger persons,Abduction or kidnapping,Sandringham West.,NZ,Auckland Region,Auckland.,1/01/2024,0542300,Auckland Region,Teritorial Authority,Auckland,Polygon,Polygon,MultiPolygon,MultiPolygon,2,MultiPolygon,2
Auckland,Harm or endanger persons,Abduction or kidnapping,Pukekohe West.,NZ,Auckland Region,Auckland.,1/03/2025,0821700,Auckland Region,Teritorial Authority,Auckland,Polygon,Polygon,MultiPolygon,MultiPolygon,1,MultiPolygon,1
Auckland,Harm or endanger persons,Abduction or kidnapping,Glenavon.,NZ,Auckland Region,Auckland.,1/05/2025,0379401,Auckland Region,Teritorial Authority,Auckland,Polygon,Polygon,MultiPolygon,MultiPolygon,1,MultiPolygon,1
Auckland,Harm or endanger persons,Abduction or kidnapping,Owairaka West.,NZ,Auckland Region,Auckland.,1/01/2025,0518900,Auckland Region,Teritorial Authority,Auckland,Polygon,Polygon,MultiPolygon,MultiPolygon,1,MultiPolygon,1
Auckland,Harm or endanger persons,Abduction or kidnapping,Millhouse.,NZ,Auckland Region,Auckland.,1/11/2023,0711174,Auckland Region,Teritorial Authority,Auckland,Polygon,Polygon,MultiPolygon,MultiPolygon,1,MultiPolygon,1
Auckland,Harm or endanger persons,Abduction or kidnapping,Manurewa Central.,NZ,Auckland Region,Auckland.,1/01/2025,0751500,Auckland Region,Teritorial Authority,Auckland,Polygon,Polygon,MultiPolygon,MultiPolygon,1,MultiPolygon,1
Auckland,Harm or endanger persons,Abduction or kidnapping,Hingaia.,NZ,Auckland Region,Auckland.,1/03/2025,0806700,Auckland Region,Teritorial Authority,Auckland,Polygon,Polygon,MultiPolygon,MultiPolygon,1,MultiPolygon,1
Auckland,Harm or endanger persons,Abduction or kidnapping,Kingseat.,NZ,Auckland Region,Auckland.,1/08/2023,0810605,Auckland Region,Teritorial Authority,Auckland,Polygon,Polygon,MultiPolygon,MultiPolygon,1,MultiPolygon,1
Auckland,Harm or endanger persons,Abduction or kidnapping,Tuff Crater.,NZ,Auckland Region,Auckland.,1/10/2024,0364200,Auckland Region,Teritorial Authority,Auckland,Polygon,Polygon,MultiPolygon,MultiPolygon,1,MultiPolygon,1
Auckland,Harm or endanger persons,Abduction or kidnapping,Pakuranga Central.,NZ,Auckland Region,Auckland.,1/11/2023,0687600,Auckland Region,Teritorial Authority,Auckland,Polygon,Polygon,MultiPolygon,MultiPolygon,1,MultiPolygon,1
Auckland,Harm or endanger persons,Abduction or kidnapping,Surrey Crescent.,NZ,Auckland Region,Auckland.,1/11/2024,0405800,Auckland Region,Teritorial Authority,Auckland,Polygon,Polygon,MultiPolygon,MultiPolygon,1,MultiPolygon,1
Auckland,Harm or endanger persons,Abduction or kidnapping,Ormiston.,NZ,Auckland Region,Auckland.,1/03/2025,0712401,Auckland Region,Teritorial Authority,Auckland,Polygon,Polygon,MultiPolygon,MultiPolygon,1,MultiPolygon,1
Auckland,Harm or endanger persons,Abduction or kidnapping,Walmsley.,NZ,Auckland Region,Auckland.,1/05/2024,0574800,Auckland Region,Teritorial Authority,Auckland,Polygon,Polygon,MultiPolygon,MultiPolygon,1,MultiPolygon,1
Auckland,Harm or endanger persons,Abduction or kidnapping,Puhinui North.,NZ,Auckland Region,Auckland.,1/06/2025,0671200,Auckland Region,Teritorial Authority,Auckland,Polygon,Polygon,MultiPolygon,MultiPolygon,1,MultiPolygon,1
Auckland,Harm or endanger persons,Abduction or kidnapping,Leabank.,NZ,Auckland Region,Auckland.,1/07/2024,0771500,Auckland Region,Teritorial Authority,Auckland,Polygon,Polygon,MultiPolygon,MultiPolygon,1,MultiPolygon,1
Auckland,Harm or endanger persons,Abduction or kidnapping,Newmarket.,NZ,Auckland Region,Auckland.,1/04/2025,0450200,Auckland Region,Teritorial Authority,Auckland,Polygon,Polygon,MultiPolygon,MultiPolygon,1,MultiPolygon,1
Auckland,Harm or endanger persons,Abduction or kidnapping,Meadowbank North.,NZ,Auckland Region,Auckland.,1/03/2025,0461500,Auckland Region,Teritorial Authority,Auckland,Polygon,Polygon,MultiPolygon,MultiPolygon,1,MultiPolygon,1
Auckland,Harm or endanger persons,Abduction or kidnapping,Point England.,NZ,Auckland Region,Auckland.,1/06/2025,0477400,Auckland Region,Teritorial Authority,Auckland,Polygon,Polygon,MultiPolygon,MultiPolygon,1,MultiPolygon,1
Auckland,Harm or endanger persons,Abduction or kidnapping,St Heliers.,NZ,Auckland Region,Auckland.,1/10/2024,0510901,Auckland Region,Teritorial Authority,Auckland,Polygon,Polygon,MultiPolygon,MultiPolygon,1,MultiPolygon,1
Auckland,Harm or endanger persons,Abduction or kidnapping,Mt Albert Central.,NZ,Auckland Region,Auckland.,1/01/2024,0527000,Auckland Region,Teritorial Authority,Auckland,Polygon,Polygon,MultiPolygon,MultiPolygon,1,MultiPolygon,1
Auckland,Harm or endanger persons,Abduction or kidnapping,Freemans Bay.,NZ,Auckland Region,Auckland.,1/04/2024,0413800,Auckland Region,Teritorial Authority,Auckland,Polygon,Polygon,MultiPolygon,MultiPolygon,1,MultiPolygon,1
Auckland,Harm or endanger persons,Abduction or kidnapping,Gulf Harbour.,NZ,Auckland Region,Auckland.,1/06/2025,0175120,Auckland Region,Teritorial Authority,Auckland,MultiPolygon,Polygon,MultiPolygon,MultiPolygon,1,MultiPolygon,1
Auckland,Harm or endanger persons,Abduction or kidnapping,Mangere South.,NZ,Auckland Region,Auckland.,1/05/2025,0727200,Auckland Region,Teritorial Authority,Auckland,MultiPolygon,Polygon,MultiPolygon,MultiPolygon,1,MultiPolygon,1
Auckland,Harm or endanger persons,Abduction or kidnapping,Homai East.,NZ,Auckland Region,Auckland.,1/05/2025,0775901,Auckland Region,Teritorial Authority,Auckland,Polygon,Polygon,MultiPolygon,MultiPolygon,1,MultiPolygon,1
Auckland,Harm or endanger persons,Abduction or kidnapping,Harania West.,NZ,Auckland Region,Auckland.,1/05/2024,0736102,Auckland Region,Teritorial Authority,Auckland,Polygon,Polygon,MultiPolygon,MultiPolygon,1,MultiPolygon,1
Auckland,Harm or endanger persons,Abduction or kidnapping,Mangere South.,NZ,Auckland Region,Auckland.,1/07/2025,0727200,Auckland Region,Teritorial Authority,Auckland,MultiPolygon,Polygon,MultiPolygon,MultiPolygon,1,MultiPolygon,1
Auckland,Harm or endanger persons,Abduction or kidnapping,Auckland Central West.,NZ,Auckland Region,Auckland.,1/11/2024,0434300,Auckland Region,Teritorial Authority,Auckland,Polygon,Polygon,MultiPolygon,MultiPolygon,1,MultiPolygon,1
Auckland,Harm or endanger persons,Abduction or kidnapping,Auckland Central East.,NZ,Auckland Region,Auckland.,1/09/2024,0438501,Auckland Region,Teritorial Authority,Auckland,Polygon,Polygon,MultiPolygon,MultiPolygon,2,MultiPolygon,2
Auckland,Harm or endanger persons,Abduction or kidnapping,Target Road.,NZ,Auckland Region,Auckland.,1/11/2023,0182100,Auckland Region,Teritorial Authority,Auckland,Polygon,Polygon,MultiPolygon,MultiPolygon,1,MultiPolygon,1
Auckland,Harm or endanger persons,Abduction or kidnapping,Auckland Central West.,NZ,Auckland Region,Auckland.,1/08/2023,0433700,Auckland Region,Teritorial Authority,Auckland,Polygon,Polygon,MultiPolygon,MultiPolygon,1,MultiPolygon,1
Auckland,Harm or endanger persons,Abduction or kidnapping,Wellsford.,NZ,Auckland Region,Auckland.,1/07/2025,0142800,Auckland Region,Teritorial Authority,Auckland,Polygon,Polygon,MultiPolygon,MultiPolygon,1,MultiPolygon,1
Auckland,Harm or endanger persons,Abduction or kidnapping,Clendon South.,NZ,Auckland Region,Auckland.,1/11/2023,0774433,Auckland Region,Teritorial Authority,Auckland,Polygon,Polygon,MultiPolygon,MultiPolygon,1,MultiPolygon,1
Auckland,Harm or endanger persons,Abduction or kidnapping,Freemans Bay.,NZ,Auckland Region,Auckland.,1/10/2023,0413300,Auckland Region,Teritorial Authority,Auckland,Polygon,Polygon,MultiPolygon,MultiPolygon,1,MultiPolygon,1
Auckland,Harm or endanger persons,Abduction or kidnapping,Homai East.,NZ,Auckland Region,Auckland.,1/05/2025,0777601,Auckland Region,Teritorial Authority,Auckland,Polygon,Polygon,MultiPolygon,MultiPolygon,1,MultiPolygon,1
Auckland,Harm or endanger persons,Abduction or kidnapping,Papatoetoe North.,NZ,Auckland Region,Auckland.,1/10/2024,0661300,Auckland Region,Teritorial Authority,Auckland,Polygon,Polygon,MultiPolygon,MultiPolygon,1,MultiPolygon,1
Auckland,Harm or endanger persons,Abduction or kidnapping,Ferguson.,NZ,Auckland Region,Auckland.,1/11/2024,0710100,Auckland Region,Teritorial Authority,Auckland,Polygon,Polygon,MultiPolygon,MultiPolygon,1,MultiPolygon,1
Auckland,Harm or endanger persons,Abduction or kidnapping,Clendon South.,NZ,Auckland Region,Auckland.,1/12/2023,0774422,Auckland Region,Teritorial Authority,Auckland,Polygon,Polygon,MultiPolygon,MultiPolygon,1,MultiPolygon,1
Auckland,Harm or endanger persons,Abduction or kidnapping,Parakai Urban.,NZ,Auckland Region,Auckland.,1/10/2024,0210906,Auckland Region,Teritorial Authority,Auckland,Polygon,Polygon,MultiPolygon,MultiPolygon,1,MultiPolygon,1
Auckland,Harm or endanger persons,Abduction or kidnapping,Manurewa Central.,NZ,Auckland Region,Auckland.,1/12/2023,0751600,Auckland Region,Teritorial Authority,Auckland,Polygon,Polygon,MultiPolygon,MultiPolygon,1,MultiPolygon,1
Auckland,Harm or endanger persons,Abduction or kidnapping,Mt Hobson.,NZ,Auckland Region,Auckland.,1/10/2024,0491200,Auckland Region,Teritorial Authority,Auckland,Polygon,Polygon,MultiPolygon,MultiPolygon,1,MultiPolygon,1
Auckland,Harm or endanger persons,Abduction or kidnapping,Wiri.,NZ,Auckland Region,Auckland.,1/10/2024,0780501,Auckland Region,Teritorial Authority,Auckland,Polygon,Polygon,MultiPolygon,MultiPolygon,1,MultiPolygon,1
Auckland,Harm or endanger persons,Abduction or kidnapping,Leabank.,NZ,Auckland Region,Auckland.,1/04/2025,0772903,Auckland Region,Teritorial Authority,Auckland,Polygon,Polygon,MultiPolygon,MultiPolygon,1,MultiPolygon,1
Auckland,Harm or endanger persons,Abduction or kidnapping,One Tree Hill East.,NZ,Auckland Region,Auckland.,1/10/2023,0620000,Auckland Region,Teritorial Authority,Auckland,Polygon,Polygon,MultiPolygon,MultiPolygon,1,MultiPolygon,1
Auckland,Harm or endanger persons,Abduction or kidnapping,Glen Innes West.,NZ,Auckland Region,Auckland.,1/10/2024,0476100,Auckland Region,Teritorial Authority,Auckland,Polygon,Polygon,MultiPolygon,MultiPolygon,1,MultiPolygon,1
Auckland,Harm or endanger persons,Abduction or kidnapping,Dingwall.,NZ,Auckland Region,Auckland.,1/05/2024,0666700,Auckland Region,Teritorial Authority,Auckland,Polygon,Polygon,MultiPolygon,MultiPolygon,1,MultiPolygon,1
Auckland,Harm or endanger persons,Abduction or kidnapping,Point England.,NZ,Auckland Region,Auckland.,1/11/2023,0477000,Auckland Region,Teritorial Authority,Auckland,Polygon,Polygon,MultiPolygon,MultiPolygon,1,MultiPolygon,1
Auckland,Harm or endanger persons,Abduction or kidnapping,Harania West.,NZ,Auckland Region,Auckland.,1/05/2024,0734701,Auckland Region,Teritorial Authority,Auckland,Polygon,Polygon,MultiPolygon,MultiPolygon,1,MultiPolygon,1
Auckland,Harm or endanger persons,Abduction or kidnapping,Harania East.,NZ,Auckland Region,Auckland.,1/12/2023,0732002,Auckland Region,Teritorial Authority,Auckland,Polygon,Polygon,MultiPolygon,MultiPolygon,1,MultiPolygon,1
Auckland,Harm or endanger persons,Abduction or kidnapping,Harania West.,NZ,Auckland Region,Auckland.,1/11/2024,0734502,Auckland Region,Teritorial Authority,Auckland,Polygon,Polygon,MultiPolygon,MultiPolygon,1,MultiPolygon,1
Auckland,Harm or endanger persons,Abduction or kidnapping,Freemans Bay.,NZ,Auckland Region,Auckland.,1/04/2025,0413800,Auckland Region,Teritorial Authority,Auckland,Polygon,Polygon,MultiPolygon,MultiPolygon,1,MultiPolygon,1
Auckland,Harm or endanger persons,Abduction or kidnapping,Mangere South.,NZ,Auckland Region,Auckland.,1/11/2024,0727200,Auckland Region,Teritorial Authority,Auckland,MultiPolygon,Polygon,MultiPolygon,MultiPolygon,1,MultiPolygon,1
Auckland,Harm or endanger persons,Abduction or kidnapping,Mt Eden South.,NZ,Auckland Region,Auckland.,1/07/2024,0554400,Auckland Region,Teritorial Authority,Auckland,Polygon,Polygon,MultiPolygon,MultiPolygon,1,MultiPolygon,1
Auckland,Harm or endanger persons,Abduction or kidnapping,Auckland Central West.,NZ,Auckland Region,Auckland.,1/12/2024,0432700,Auckland Region,Teritorial Authority,Auckland,Polygon,Polygon,MultiPolygon,MultiPolygon,1,MultiPolygon,1
Auckland,Harm or endanger persons,Abduction or kidnapping,Westlake.,NZ,Auckland Region,Auckland.,1/07/2025,0304300,Auckland Region,Teritorial Authority,Auckland,Polygon,Polygon,MultiPolygon,MultiPolygon,1,MultiPolygon,1
Auckland,Harm or endanger persons,Abduction or kidnapping,Rongomai.,NZ,Auckland Region,Auckland.,1/12/2024,0714100,Auckland Region,Teritorial Authority,Auckland,Polygon,Polygon,MultiPolygon,MultiPolygon,1,MultiPolygon,1
Auckland,Harm or endanger persons,Abduction or kidnapping,Mascot.,NZ,Auckland Region,Auckland.,1/12/2024,0737500,Auckland Region,Teritorial Authority,Auckland,Polygon,Polygon,MultiPolygon,MultiPolygon,1,MultiPolygon,1
Auckland,Harm or endanger persons,Abduction or kidnapping,Papakura Central.,NZ,Auckland Region,Auckland.,1/06/2025,0792504,Auckland Region,Teritorial Authority,Auckland,Polygon,Polygon,MultiPolygon,MultiPolygon,1,MultiPolygon,1
Auckland,Harm or endanger persons,Abduction or kidnapping,Westmere.,NZ,Auckland Region,Auckland.,1/07/2024,0400200,Auckland Region,Teritorial Authority,Auckland,Polygon,Polygon,MultiPolygon,MultiPolygon,2,MultiPolygon,2
Auckland,Harm or endanger persons,Abduction or kidnapping,Auckland Central East.,NZ,Auckland Region,Auckland.,1/11/2023,0438304,Auckland Region,Teritorial Authority,Auckland,Polygon,Polygon,MultiPolygon,MultiPolygon,1,MultiPolygon,1
Auckland,Harm or endanger persons,Abduction or kidnapping,Clendon South.,NZ,Auckland Region,Auckland.,1/05/2024,0774431,Auckland Region,Teritorial Authority,Auckland,Polygon,Polygon,MultiPolygon,MultiPolygon,1,MultiPolygon,1
Auckland,Harm or endanger persons,Abduction or kidnapping,Sandringham East.,NZ,Auckland Region,Auckland.,1/06/2024,0538002,Auckland Region,Teritorial Authority,Auckland,Polygon,Polygon,MultiPolygon,MultiPolygon,1,MultiPolygon,1
Auckland,Harm or endanger persons,Abduction or kidnapping,Auckland Harbourside.,NZ,Auckland Region,Auckland.,1/05/2025,0433003,Auckland Region,Teritorial Authority,Auckland,Polygon,Polygon,MultiPolygon,MultiPolygon,1,MultiPolygon,1
Auckland,Harm or endanger persons,Abduction or kidnapping,Favona West.,NZ,Auckland Region,Auckland.,1/12/2023,0729800,Auckland Region,Teritorial Authority,Auckland,Polygon,Polygon,MultiPolygon,MultiPolygon,1,MultiPolygon,1
Auckland,Harm or endanger persons,Abduction or kidnapping,Mangere South.,NZ,Auckland Region,Auckland.,1/06/2025,0727200,Auckland Region,Teritorial Authority,Auckland,MultiPolygon,Polygon,MultiPolygon,MultiPolygon,1,MultiPolygon,1
Auckland,Harm or endanger persons,Abduction or kidnapping,Avondale West.,NZ,Auckland Region,Auckland.,1/08/2023,0390100,Auckland Region,Teritorial Authority,Auckland,Polygon,Polygon,MultiPolygon,MultiPolygon,1,MultiPolygon,1
Auckland,Harm or endanger persons,Abduction or kidnapping,Grafton West.,NZ,Auckland Region,Auckland.,1/08/2023,0440903,Auckland Region,Teritorial Authority,Auckland,Polygon,Polygon,MultiPolygon,MultiPolygon,1,MultiPolygon,1
Auckland,Harm or endanger persons,Abduction or kidnapping,Mangere South.,NZ,Auckland Region,Auckland.,1/05/2024,0727200,Auckland Region,Teritorial Authority,Auckland,MultiPolygon,Polygon,MultiPolygon,MultiPolygon,1,MultiPolygon,1
Auckland,Harm or endanger persons,Abduction or kidnapping,Millhouse.,NZ,Auckland Region,Auckland.,1/06/2024,0711164,Auckland Region,Teritorial Authority,Auckland,Polygon,Polygon,MultiPolygon,MultiPolygon,1,MultiPolygon,1
Auckland,Harm or endanger persons,Abduction or kidnapping,Aorere.,NZ,Auckland Region,Auckland.,1/08/2024,0745000,Auckland Region,Teritorial Authority,Auckland,Polygon,Polygon,MultiPolygon,MultiPolygon,1,MultiPolygon,1
Auckland,Harm or endanger persons,Abduction or kidnapping,Manukau Central.,NZ,Auckland Region,Auckland.,1/12/2024,0780209,Auckland Region,Teritorial Authority,Auckland,Polygon,Polygon,MultiPolygon,MultiPolygon,1,MultiPolygon,1
Auckland,Harm or endanger persons,Abduction or kidnapping,Beachhaven North.,NZ,Auckland Region,Auckland.,1/12/2024,0344000,Auckland Region,Teritorial Authority,Auckland,Polygon,Polygon,MultiPolygon,MultiPolygon,1,MultiPolygon,1
Auckland,Harm or endanger persons,Abduction or kidnapping,Westgate.,NZ,Auckland Region,Auckland.,1/07/2024,0224303,Auckland Region,Teritorial Authority,Auckland,Polygon,Polygon,MultiPolygon,MultiPolygon,1,MultiPolygon,1
Auckland,Harm or endanger persons,Abduction or kidnapping,Riverhead.,NZ,Auckland Region,Auckland.,1/12/2023,0217602,Auckland Region,Teritorial Authority,Auckland,Polygon,Polygon,MultiPolygon,MultiPolygon,1,MultiPolygon,1
Auckland,Harm or endanger persons,Abduction or kidnapping,Snells Beach.,NZ,Auckland Region,Auckland.,1/04/2025,0141606,Auckland Region,Teritorial Authority,Auckland,Polygon,Polygon,MultiPolygon,MultiPolygon,1,MultiPolygon,1
Auckland,Harm or endanger persons,Abduction or kidnapping,Onehunga South East.,NZ,Auckland Region,Auckland.,1/01/2025,0601901,Auckland Region,Teritorial Authority,Auckland,Polygon,Polygon,MultiPolygon,MultiPolygon,1,MultiPolygon,1
Auckland,Harm or endanger persons,Abduction or kidnapping,Greenmount.,NZ,Auckland Region,Auckland.,1/05/2024,0711811,Auckland Region,Teritorial Authority,Auckland,Polygon,Polygon,MultiPolygon,MultiPolygon,2,MultiPolygon,2
Auckland,Harm or endanger persons,Abduction or kidnapping,Manukau Central.,NZ,Auckland Region,Auckland.,1/12/2024,0780204,Auckland Region,Teritorial Authority,Auckland,Polygon,Polygon,MultiPolygon,MultiPolygon,1,MultiPolygon,1
Auckland,Harm or endanger persons,Abduction or kidnapping,Auckland Central East.,NZ,Auckland Region,Auckland.,1/03/2025,0437702,Auckland Region,Teritorial Authority,Auckland,Polygon,Polygon,MultiPolygon,MultiPolygon,1,MultiPolygon,1
Auckland,Harm or endanger persons,Abduction or kidnapping,Waterview.,NZ,Auckland Region,Auckland.,1/01/2025,0384903,Auckland Region,Teritorial Authority,Auckland,Polygon,Polygon,MultiPolygon,MultiPolygon,1,MultiPolygon,1
Auckland,Harm or endanger persons,Abduction or kidnapping,Wiri.,NZ,Auckland Region,Auckland.,1/02/2024,0780800,Auckland Region,Teritorial Authority,Auckland,Polygon,Polygon,MultiPolygon,MultiPolygon,1,MultiPolygon,1
Auckland,Harm or endanger persons,Abduction or kidnapping,Henderson North.,NZ,Auckland Region,Auckland.,1/07/2024,0240200,Auckland Region,Teritorial Authority,Auckland,Polygon,Polygon,MultiPolygon,MultiPolygon,1,MultiPolygon,1
Auckland,Harm or endanger persons,Abduction or kidnapping,Huapai.,NZ,Auckland Region,Auckland.,1/03/2024,0216002,Auckland Region,Teritorial Authority,Auckland,Polygon,Polygon,MultiPolygon,MultiPolygon,1,MultiPolygon,1
Auckland,Harm or endanger persons,Abduction or kidnapping,Kohuora.,NZ,Auckland Region,Auckland.,1/11/2023,0780901,Auckland Region,Teritorial Authority,Auckland,Polygon,Polygon,MultiPolygon,MultiPolygon,1,MultiPolygon,1
Auckland,Harm or endanger persons,Abduction or kidnapping,Edgewater.,NZ,Auckland Region,Auckland.,1/06/2025,0683000,Auckland Region,Teritorial Authority,Auckland,Polygon,Polygon,MultiPolygon,MultiPolygon,1,MultiPolygon,1
Auckland,Harm or endanger persons,Abduction or kidnapping,Beachlands-Maraetai.,NZ,Auckland Region,Auckland.,1/02/2024,0718509,Auckland Region,Teritorial Authority,Auckland,MultiPolygon,Polygon,MultiPolygon,MultiPolygon,1,MultiPolygon,1
Auckland,Harm or endanger persons,Abduction or kidnapping,Otara South.,NZ,Auckland Region,Auckland.,1/02/2024,0708100,Auckland Region,Teritorial Authority,Auckland,Polygon,Polygon,MultiPolygon,MultiPolygon,1,MultiPolygon,1
Auckland,Harm or endanger persons,Abduction or kidnapping,Kelston Central.,NZ,Auckland Region,Auckland.,1/07/2025,0271300,Auckland Region,Teritorial Authority,Auckland,Polygon,Polygon,MultiPolygon,MultiPolygon,1,MultiPolygon,1
Auckland,Harm or endanger persons,Abduction or kidnapping,Hillpark.,NZ,Auckland Region,Auckland.,1/07/2025,0757100,Auckland Region,Teritorial Authority,Auckland,Polygon,Polygon,MultiPolygon,MultiPolygon,1,MultiPolygon,1
Auckland,Harm or endanger persons,Abduction or kidnapping,Sandringham West.,NZ,Auckland Region,Auckland.,1/09/2023,0542400,Auckland Region,Teritorial Authority,Auckland,Polygon,Polygon,MultiPolygon,MultiPolygon,1,MultiPolygon,1
Auckland,Harm or endanger persons,Abduction or kidnapping,Kingseat.,NZ,Auckland Region,Auckland.,1/05/2025,0810500,Auckland Region,Teritorial Authority,Auckland,Polygon,Polygon,MultiPolygon,MultiPolygon,1,MultiPolygon,1
Auckland,Harm or endanger persons,Abduction or kidnapping,Herald.,NZ,Auckland Region,Auckland.,1/05/2025,0221200,Auckland Region,Teritorial Authority,Auckland,Polygon,Polygon,MultiPolygon,MultiPolygon,1,MultiPolygon,1
